-- phpMyAdmin SQL Dump
-- version 5.2.0
-- https://www.phpmyadmin.net/
--
-- Host: 127.0.0.1
-- Waktu pembuatan: 11 Jan 2023 pada 04.53
-- Versi server: 10.4.27-MariaDB
-- Versi PHP: 8.0.25

SET SQL_MODE = "NO_AUTO_VALUE_ON_ZERO";
START TRANSACTION;
SET time_zone = "+00:00";


/*!40101 SET @OLD_CHARACTER_SET_CLIENT=@@CHARACTER_SET_CLIENT */;
/*!40101 SET @OLD_CHARACTER_SET_RESULTS=@@CHARACTER_SET_RESULTS */;
/*!40101 SET @OLD_COLLATION_CONNECTION=@@COLLATION_CONNECTION */;
/*!40101 SET NAMES utf8mb4 */;

--
-- Database: `laundry_aisyah`
--

-- --------------------------------------------------------

--
-- Struktur dari tabel `detail_transaksi`
--

CREATE TABLE `detail_transaksi` (
  `id_detail` int(11) NOT NULL,
  `transaksi_id` int(11) DEFAULT NULL,
  `paket_id` int(11) DEFAULT NULL,
  `qty` double DEFAULT NULL,
  `total_harga` double DEFAULT NULL,
  `keterangan` text DEFAULT NULL,
  `total_bayar` int(11) DEFAULT NULL
) ENGINE=InnoDB DEFAULT CHARSET=utf8mb4 COLLATE=utf8mb4_general_ci;

--
-- Dumping data untuk tabel `detail_transaksi`
--

INSERT INTO `detail_transaksi` (`id_detail`, `transaksi_id`, `paket_id`, `qty`, `total_harga`, `keterangan`, `total_bayar`) VALUES
(9, 33, 4, 10, 150000, NULL, 200000),
(10, 34, 4, 2, 30000, NULL, 50000),
(11, 35, 5, 2, 12000, NULL, 15000),
(12, 36, 5, 2, 12000, NULL, 50000);

-- --------------------------------------------------------

--
-- Struktur dari tabel `member`
--

CREATE TABLE `member` (
  `id_member` int(11) NOT NULL,
  `nama_member` varchar(100) DEFAULT NULL,
  `alamat_member` text DEFAULT NULL,
  `jenis_kelamin` enum('L','P') DEFAULT NULL,
  `telp_member` varchar(15) DEFAULT NULL
) ENGINE=InnoDB DEFAULT CHARSET=utf8mb4 COLLATE=utf8mb4_general_ci;

--
-- Dumping data untuk tabel `member`
--

INSERT INTO `member` (`id_member`, `nama_member`, `alamat_member`, `jenis_kelamin`, `telp_member`) VALUES
(5, 'Sifa', 'Lumajang', 'P', '0821340411567'),
(6, 'Rendy', 'Lumajang', 'L', '081333641656'),
(7, 'Siska', 'Jember', 'P', '0089456789987');

-- --------------------------------------------------------

--
-- Struktur dari tabel `outlet`
--

CREATE TABLE `outlet` (
  `id_outlet` int(11) NOT NULL,
  `nama_outlet` varchar(100) DEFAULT NULL,
  `alamat_outlet` text DEFAULT NULL,
  `telp_outlet` varchar(15) DEFAULT NULL
) ENGINE=InnoDB DEFAULT CHARSET=utf8mb4 COLLATE=utf8mb4_general_ci;

--
-- Dumping data untuk tabel `outlet`
--

INSERT INTO `outlet` (`id_outlet`, `nama_outlet`, `alamat_outlet`, `telp_outlet`) VALUES
(26, 'Outlet Aisyah 1', 'Malang', '081243555656'),
(27, 'Outlet Aisyah 2', 'Surabaya', '0896778765664');

-- --------------------------------------------------------

--
-- Struktur dari tabel `paket`
--

CREATE TABLE `paket` (
  `id_paket` int(11) NOT NULL,
  `jenis_paket` enum('kiloan','selimut','bedcover','kaos','lain') DEFAULT NULL,
  `nama_paket` varchar(100) DEFAULT NULL,
  `harga` int(11) DEFAULT NULL,
  `outlet_id` int(11) DEFAULT NULL
) ENGINE=InnoDB DEFAULT CHARSET=utf8mb4 COLLATE=utf8mb4_general_ci;

--
-- Dumping data untuk tabel `paket`
--

INSERT INTO `paket` (`id_paket`, `jenis_paket`, `nama_paket`, `harga`, `outlet_id`) VALUES
(4, 'kiloan', 'Paket Kering Wangi', 15000, 26),
(5, 'kiloan', 'Cuci Kering', 6000, 26),
(6, 'kiloan', 'Cuci Setrika', 4000, 26);

-- --------------------------------------------------------

--
-- Struktur dari tabel `transaksi`
--

CREATE TABLE `transaksi` (
  `id_transaksi` int(11) NOT NULL,
  `outlet_id` int(11) DEFAULT NULL,
  `kode_invoice` varchar(100) DEFAULT NULL,
  `member_id` int(11) DEFAULT NULL,
  `tgl` datetime DEFAULT NULL,
  `batas_waktu` datetime DEFAULT NULL,
  `tgl_pembayaran` datetime DEFAULT NULL,
  `status` enum('baru','proses','selesai','diambil') DEFAULT NULL,
  `status_bayar` enum('dibayar','belum') DEFAULT NULL,
  `user_id` int(11) DEFAULT NULL
) ENGINE=InnoDB DEFAULT CHARSET=utf8mb4 COLLATE=utf8mb4_general_ci;

--
-- Dumping data untuk tabel `transaksi`
--

INSERT INTO `transaksi` (`id_transaksi`, `outlet_id`, `kode_invoice`, `member_id`, `tgl`, `batas_waktu`, `tgl_pembayaran`, `status`, `status_bayar`, `user_id`) VALUES
(33, 26, 'DRY202003213927', 5, '2020-03-21 02:27:48', '2020-03-28 12:00:00', '2020-03-21 02:28:03', 'diambil', 'dibayar', 11),
(34, 26, 'DRY202301104046', 5, '2023-01-10 08:46:44', '2023-01-17 12:00:00', '2023-01-10 08:49:29', 'baru', 'dibayar', 1),
(35, 26, 'DRY202301105519', 6, '2023-01-10 09:20:46', '2023-01-17 12:00:00', '2023-01-10 09:32:55', 'baru', 'dibayar', 1),
(36, 26, 'DRY202301115117', 6, '2023-01-11 03:18:03', '2023-01-18 12:00:00', '2023-01-11 03:36:16', 'baru', 'dibayar', 1);

-- --------------------------------------------------------

--
-- Struktur dari tabel `user`
--

CREATE TABLE `user` (
  `id_user` int(11) NOT NULL,
  `nama_user` varchar(100) DEFAULT NULL,
  `username` varchar(32) DEFAULT NULL,
  `password` varchar(150) DEFAULT NULL,
  `outlet_id` int(11) DEFAULT NULL,
  `role` enum('admin','kasir','owner') DEFAULT NULL
) ENGINE=InnoDB DEFAULT CHARSET=utf8mb4 COLLATE=utf8mb4_general_ci;

--
-- Dumping data untuk tabel `user`
--

INSERT INTO `user` (`id_user`, `nama_user`, `username`, `password`, `outlet_id`, `role`) VALUES
(1, 'Admin', 'admin', '21232f297a57a5a743894a0e4a801fc3', NULL, 'admin'),
(13, 'Aisyah', 'owner', '72122ce96bfec66e2396d2e25225d70a', 26, 'owner'),
(20, 'Kasir', 'kasir', 'c7911af3adbd12a035b289556d96470a', 26, 'kasir');

--
-- Indexes for dumped tables
--

--
-- Indeks untuk tabel `detail_transaksi`
--
ALTER TABLE `detail_transaksi`
  ADD PRIMARY KEY (`id_detail`),
  ADD KEY `transaksi_id` (`transaksi_id`),
  ADD KEY `paket_id` (`paket_id`);

--
-- Indeks untuk tabel `member`
--
ALTER TABLE `member`
  ADD PRIMARY KEY (`id_member`);

--
-- Indeks untuk tabel `outlet`
--
ALTER TABLE `outlet`
  ADD PRIMARY KEY (`id_outlet`);

--
-- Indeks untuk tabel `paket`
--
ALTER TABLE `paket`
  ADD PRIMARY KEY (`id_paket`),
  ADD KEY `outlet_id` (`outlet_id`);

--
-- Indeks untuk tabel `transaksi`
--
ALTER TABLE `transaksi`
  ADD PRIMARY KEY (`id_transaksi`),
  ADD KEY `outlet_id` (`outlet_id`),
  ADD KEY `member_id` (`member_id`),
  ADD KEY `user_id` (`user_id`);

--
-- Indeks untuk tabel `user`
--
ALTER TABLE `user`
  ADD PRIMARY KEY (`id_user`),
  ADD KEY `outlet_id` (`outlet_id`);

--
-- AUTO_INCREMENT untuk tabel yang dibuang
--

--
-- AUTO_INCREMENT untuk tabel `detail_transaksi`
--
ALTER TABLE `detail_transaksi`
  MODIFY `id_detail` int(11) NOT NULL AUTO_INCREMENT, AUTO_INCREMENT=13;

--
-- AUTO_INCREMENT untuk tabel `member`
--
ALTER TABLE `member`
  MODIFY `id_member` int(11) NOT NULL AUTO_INCREMENT, AUTO_INCREMENT=8;

--
-- AUTO_INCREMENT untuk tabel `outlet`
--
ALTER TABLE `outlet`
  MODIFY `id_outlet` int(11) NOT NULL AUTO_INCREMENT, AUTO_INCREMENT=28;

--
-- AUTO_INCREMENT untuk tabel `paket`
--
ALTER TABLE `paket`
  MODIFY `id_paket` int(11) NOT NULL AUTO_INCREMENT, AUTO_INCREMENT=7;

--
-- AUTO_INCREMENT untuk tabel `transaksi`
--
ALTER TABLE `transaksi`
  MODIFY `id_transaksi` int(11) NOT NULL AUTO_INCREMENT, AUTO_INCREMENT=37;

--
-- AUTO_INCREMENT untuk tabel `user`
--
ALTER TABLE `user`
  MODIFY `id_user` int(11) NOT NULL AUTO_INCREMENT, AUTO_INCREMENT=21;

--
-- Ketidakleluasaan untuk tabel pelimpahan (Dumped Tables)
--

--
-- Ketidakleluasaan untuk tabel `detail_transaksi`
--
ALTER TABLE `detail_transaksi`
  ADD CONSTRAINT `detail_transaksi_ibfk_1` FOREIGN KEY (`transaksi_id`) REFERENCES `transaksi` (`id_transaksi`),
  ADD CONSTRAINT `detail_transaksi_ibfk_2` FOREIGN KEY (`paket_id`) REFERENCES `paket` (`id_paket`);

--
-- Ketidakleluasaan untuk tabel `paket`
--
ALTER TABLE `paket`
  ADD CONSTRAINT `paket_ibfk_1` FOREIGN KEY (`outlet_id`) REFERENCES `outlet` (`id_outlet`);

--
-- Ketidakleluasaan untuk tabel `transaksi`
--
ALTER TABLE `transaksi`
  ADD CONSTRAINT `transaksi_ibfk_1` FOREIGN KEY (`outlet_id`) REFERENCES `outlet` (`id_outlet`),
  ADD CONSTRAINT `transaksi_ibfk_2` FOREIGN KEY (`member_id`) REFERENCES `member` (`id_member`);

--
-- Ketidakleluasaan untuk tabel `user`
--
ALTER TABLE `user`
  ADD CONSTRAINT `user_ibfk_1` FOREIGN KEY (`outlet_id`) REFERENCES `outlet` (`id_outlet`);
COMMIT;

/*!40101 SET CHARACTER_SET_CLIENT=@OLD_CHARACTER_SET_CLIENT */;
/*!40101 SET CHARACTER_SET_RESULTS=@OLD_CHARACTER_SET_RESULTS */;
/*!40101 SET COLLATION_CONNECTION=@OLD_COLLATION_CONNECTION */;
